Milestone ID,Milestone Name,Description,Due Date,Status,Related Epics,Related Issues
MILESTONE-1,Project Kickoff,Initial project setup and environment configuration completed,2024-01-12,Completed,EPIC-001,AGENT-001;AGENT-002;AGENT-003
MILESTONE-2,Core Agent System,Basic multi-agent system with LangGraph workflow implemented,2024-01-31,Completed,EPIC-002;EPIC-003,AGENT-005;AGENT-010;AGENT-011;AGENT-012;AGENT-013;AGENT-014;AGENT-015;AGENT-016
MILESTONE-3,API & Frontend MVP,Minimum viable product with functional API and user interface,2024-02-08,Completed,EPIC-004,AGENT-018;AGENT-019;AGENT-020;AGENT-021;AGENT-022
MILESTONE-4,Document Management System,Complete system for document processing and retrieval,2024-02-15,Completed,EPIC-005,AGENT-024;AGENT-025;AGENT-026;AGENT-027
MILESTONE-5,Advanced System Features,Dynamic graph modification and streaming response implementation,2024-03-06,Completed,EPIC-006,AGENT-036;AGENT-037;AGENT-038;AGENT-039;AGENT-040
MILESTONE-6,Specialized Consulting Agents,Implementation of domain-specific consulting agents completed,2024-03-20,Completed,EPIC-007,AGENT-041;AGENT-042;AGENT-043;AGENT-044;AGENT-045;AGENT-046;AGENT-047;AGENT-048
MILESTONE-7,Enhanced Query Processing,Advanced query understanding and intelligent routing completed,2024-03-29,Completed,EPIC-008,AGENT-051;AGENT-052;AGENT-053;AGENT-054;AGENT-055;AGENT-056
MILESTONE-8,Documentation & Testing Complete,All system documentation and testing completed,2024-04-16,Completed,EPIC-010,AGENT-062;AGENT-063;AGENT-064;AGENT-065;AGENT-066;AGENT-067;AGENT-068;AGENT-069
MILESTONE-9,Production Ready,All optimization and security improvements completed,2024-04-30,Completed,EPIC-011,AGENT-070;AGENT-071;AGENT-072;AGENT-073;AGENT-074;AGENT-075
MILESTONE-10,Project Completion,Production deployment and project handover completed,2024-05-06,Completed,EPIC-012,AGENT-080;AGENT-081;AGENT-082;AGENT-083 